Date,GDP,GDPC1,MSPNHSUS,scaled_msprnhsus,HomePriceColor,hover_text_bar,hover_text_gdp,hover_text_gdpc1
1963-01-01,621.672,3893.482,17200,1055.8374138605257,green,"Date: 1963-01-01 <br>Home Price: $17,200 <br>GDP: $621.67 <br>Inflation-adjusted GDP: $3,893.48",Date: 1963-01-01 <br>GDP: $621.67,"Date: 1963-01-01 <br>Inflation-adjusted GDP: $3,893.48"
1963-04-01,629.752,3937.183,18200,1117.2233100152075,green,"Date: 1963-04-01 <br>Home Price: $18,200 <br>GDP: $629.75 <br>Inflation-adjusted GDP: $3,937.18",Date: 1963-04-01 <br>GDP: $629.75,"Date: 1963-04-01 <br>Inflation-adjusted GDP: $3,937.18"
1963-07-01,644.444,4023.755,18400,1129.5004892461438,green,"Date: 1963-07-01 <br>Home Price: $18,400 <br>GDP: $644.44 <br>Inflation-adjusted GDP: $4,023.76",Date: 1963-07-01 <br>GDP: $644.44,"Date: 1963-07-01 <br>Inflation-adjusted GDP: $4,023.76"
1963-10-01,653.938,4050.147,17600,1080.3917723223983,green,"Date: 1963-10-01 <br>Home Price: $17,600 <br>GDP: $653.94 <br>Inflation-adjusted GDP: $4,050.15",Date: 1963-10-01 <br>GDP: $653.94,"Date: 1963-10-01 <br>Inflation-adjusted GDP: $4,050.15"
1964-01-01,669.822,4135.553,17800,1092.6689515533349,green,"Date: 1964-01-01 <br>Home Price: $17,800 <br>GDP: $669.82 <br>Inflation-adjusted GDP: $4,135.55",Date: 1964-01-01 <br>GDP: $669.82,"Date: 1964-01-01 <br>Inflation-adjusted GDP: $4,135.55"
1964-04-01,678.674,4180.592,18800,1154.0548477080165,green,"Date: 1964-04-01 <br>Home Price: $18,800 <br>GDP: $678.67 <br>Inflation-adjusted GDP: $4,180.59",Date: 1964-04-01 <br>GDP: $678.67,"Date: 1964-04-01 <br>Inflation-adjusted GDP: $4,180.59"
1964-07-01,692.031,4245.918,19100,1172.470616554421,green,"Date: 1964-07-01 <br>Home Price: $19,100 <br>GDP: $692.03 <br>Inflation-adjusted GDP: $4,245.92",Date: 1964-07-01 <br>GDP: $692.03,"Date: 1964-07-01 <br>Inflation-adjusted GDP: $4,245.92"
1964-10-01,697.319,4259.046,18900,1160.1934373234847,green,"Date: 1964-10-01 <br>Home Price: $18,900 <br>GDP: $697.32 <br>Inflation-adjusted GDP: $4,259.05",Date: 1964-10-01 <br>GDP: $697.32,"Date: 1964-10-01 <br>Inflation-adjusted GDP: $4,259.05"
1965-01-01,717.79,4362.111,20700,1270.6880504019118,green,"Date: 1965-01-01 <br>Home Price: $20,700 <br>GDP: $717.79 <br>Inflation-adjusted GDP: $4,362.11",Date: 1965-01-01 <br>GDP: $717.79,"Date: 1965-01-01 <br>Inflation-adjusted GDP: $4,362.11"
1965-04-01,730.191,4417.225,19900,1221.5793334781663,green,"Date: 1965-04-01 <br>Home Price: $19,900 <br>GDP: $730.19 <br>Inflation-adjusted GDP: $4,417.22",Date: 1965-04-01 <br>GDP: $730.19,"Date: 1965-04-01 <br>Inflation-adjusted GDP: $4,417.22"
1965-07-01,749.323,4515.427,21000,1289.1038192483163,green,"Date: 1965-07-01 <br>Home Price: $21,000 <br>GDP: $749.32 <br>Inflation-adjusted GDP: $4,515.43",Date: 1965-07-01 <br>GDP: $749.32,"Date: 1965-07-01 <br>Inflation-adjusted GDP: $4,515.43"
1965-10-01,771.857,4619.458,19900,1221.5793334781663,green,"Date: 1965-10-01 <br>Home Price: $19,900 <br>GDP: $771.86 <br>Inflation-adjusted GDP: $4,619.46",Date: 1965-10-01 <br>GDP: $771.86,"Date: 1965-10-01 <br>Inflation-adjusted GDP: $4,619.46"
1966-01-01,795.734,4731.888,21200,1301.3809984792526,green,"Date: 1966-01-01 <br>Home Price: $21,200 <br>GDP: $795.73 <br>Inflation-adjusted GDP: $4,731.89",Date: 1966-01-01 <br>GDP: $795.73,"Date: 1966-01-01 <br>Inflation-adjusted GDP: $4,731.89"
1966-04-01,804.981,4748.046,23000,1411.8756115576798,green,"Date: 1966-04-01 <br>Home Price: $23,000 <br>GDP: $804.98 <br>Inflation-adjusted GDP: $4,748.05",Date: 1966-04-01 <br>GDP: $804.98,"Date: 1966-04-01 <br>Inflation-adjusted GDP: $4,748.05"
1966-07-01,819.638,4788.254,21800,1338.2125361720616,green,"Date: 1966-07-01 <br>Home Price: $21,800 <br>GDP: $819.64 <br>Inflation-adjusted GDP: $4,788.25",Date: 1966-07-01 <br>GDP: $819.64,"Date: 1966-07-01 <br>Inflation-adjusted GDP: $4,788.25"
1966-10-01,833.302,4827.537,20800,1276.82664001738,green,"Date: 1966-10-01 <br>Home Price: $20,800 <br>GDP: $833.30 <br>Inflation-adjusted GDP: $4,827.54",Date: 1966-10-01 <br>GDP: $833.30,"Date: 1966-10-01 <br>Inflation-adjusted GDP: $4,827.54"
1967-01-01,844.17,4870.299,22200,1362.7668946339343,green,"Date: 1967-01-01 <br>Home Price: $22,200 <br>GDP: $844.17 <br>Inflation-adjusted GDP: $4,870.30",Date: 1967-01-01 <br>GDP: $844.17,"Date: 1967-01-01 <br>Inflation-adjusted GDP: $4,870.30"
1967-04-01,848.983,4873.287,22300,1368.9054842494024,green,"Date: 1967-04-01 <br>Home Price: $22,300 <br>GDP: $848.98 <br>Inflation-adjusted GDP: $4,873.29",Date: 1967-04-01 <br>GDP: $848.98,"Date: 1967-04-01 <br>Inflation-adjusted GDP: $4,873.29"
1967-07-01,865.233,4919.392,23300,1430.2913804040843,green,"Date: 1967-07-01 <br>Home Price: $23,300 <br>GDP: $865.23 <br>Inflation-adjusted GDP: $4,919.39",Date: 1967-07-01 <br>GDP: $865.23,"Date: 1967-07-01 <br>Inflation-adjusted GDP: $4,919.39"
1967-10-01,881.439,4956.477,22300,1368.9054842494024,green,"Date: 1967-10-01 <br>Home Price: $22,300 <br>GDP: $881.44 <br>Inflation-adjusted GDP: $4,956.48",Date: 1967-10-01 <br>GDP: $881.44,"Date: 1967-10-01 <br>Inflation-adjusted GDP: $4,956.48"
1968-01-01,909.387,5057.553,23400,1436.4299700195525,green,"Date: 1968-01-01 <br>Home Price: $23,400 <br>GDP: $909.39 <br>Inflation-adjusted GDP: $5,057.55",Date: 1968-01-01 <br>GDP: $909.39,"Date: 1968-01-01 <br>Inflation-adjusted GDP: $5,057.55"
1968-04-01,934.344,5142.033,24500,1503.9544557897023,green,"Date: 1968-04-01 <br>Home Price: $24,500 <br>GDP: $934.34 <br>Inflation-adjusted GDP: $5,142.03",Date: 1968-04-01 <br>GDP: $934.34,"Date: 1968-04-01 <br>Inflation-adjusted GDP: $5,142.03"
1968-07-01,950.825,5181.859,24600,1510.0930454051704,green,"Date: 1968-07-01 <br>Home Price: $24,600 <br>GDP: $950.82 <br>Inflation-adjusted GDP: $5,181.86",Date: 1968-07-01 <br>GDP: $950.82,"Date: 1968-07-01 <br>Inflation-adjusted GDP: $5,181.86"
1968-10-01,968.03,5202.212,25600,1571.4789415598523,green,"Date: 1968-10-01 <br>Home Price: $25,600 <br>GDP: $968.03 <br>Inflation-adjusted GDP: $5,202.21",Date: 1968-10-01 <br>GDP: $968.03,"Date: 1968-10-01 <br>Inflation-adjusted GDP: $5,202.21"
1969-01-01,993.337,5283.597,24600,1510.0930454051704,green,"Date: 1969-01-01 <br>Home Price: $24,600 <br>GDP: $993.34 <br>Inflation-adjusted GDP: $5,283.60",Date: 1969-01-01 <br>GDP: $993.34,"Date: 1969-01-01 <br>Inflation-adjusted GDP: $5,283.60"
1969-04-01,1009.02,5299.625,25900,1589.8947104062568,green,"Date: 1969-04-01 <br>Home Price: $25,900 <br>GDP: $1,009.02 <br>Inflation-adjusted GDP: $5,299.62","Date: 1969-04-01 <br>GDP: $1,009.02","Date: 1969-04-01 <br>Inflation-adjusted GDP: $5,299.62"
1969-07-01,1029.956,5334.6,26800,1645.1420169454702,green,"Date: 1969-07-01 <br>Home Price: $26,800 <br>GDP: $1,029.96 <br>Inflation-adjusted GDP: $5,334.60","Date: 1969-07-01 <br>GDP: $1,029.96","Date: 1969-07-01 <br>Inflation-adjusted GDP: $5,334.60"
1969-10-01,1038.147,5308.556,24400,1497.815866174234,green,"Date: 1969-10-01 <br>Home Price: $24,400 <br>GDP: $1,038.15 <br>Inflation-adjusted GDP: $5,308.56","Date: 1969-10-01 <br>GDP: $1,038.15","Date: 1969-10-01 <br>Inflation-adjusted GDP: $5,308.56"
1970-01-01,1051.2,5300.652,23600,1448.7071492504888,green,"Date: 1970-01-01 <br>Home Price: $23,600 <br>GDP: $1,051.20 <br>Inflation-adjusted GDP: $5,300.65","Date: 1970-01-01 <br>GDP: $1,051.20","Date: 1970-01-01 <br>Inflation-adjusted GDP: $5,300.65"
1970-04-01,1067.375,5308.164,24200,1485.5386869432978,green,"Date: 1970-04-01 <br>Home Price: $24,200 <br>GDP: $1,067.38 <br>Inflation-adjusted GDP: $5,308.16","Date: 1970-04-01 <br>GDP: $1,067.38","Date: 1970-04-01 <br>Inflation-adjusted GDP: $5,308.16"
1970-07-01,1086.059,5357.077,22900,1405.7370219422116,green,"Date: 1970-07-01 <br>Home Price: $22,900 <br>GDP: $1,086.06 <br>Inflation-adjusted GDP: $5,357.08","Date: 1970-07-01 <br>GDP: $1,086.06","Date: 1970-07-01 <br>Inflation-adjusted GDP: $5,357.08"
1970-10-01,1088.608,5299.672,22100,1356.628305018466,green,"Date: 1970-10-01 <br>Home Price: $22,100 <br>GDP: $1,088.61 <br>Inflation-adjusted GDP: $5,299.67","Date: 1970-10-01 <br>GDP: $1,088.61","Date: 1970-10-01 <br>Inflation-adjusted GDP: $5,299.67"
1971-01-01,1135.156,5443.619,23900,1467.1229180968933,green,"Date: 1971-01-01 <br>Home Price: $23,900 <br>GDP: $1,135.16 <br>Inflation-adjusted GDP: $5,443.62","Date: 1971-01-01 <br>GDP: $1,135.16","Date: 1971-01-01 <br>Inflation-adjusted GDP: $5,443.62"
1971-04-01,1156.271,5473.059,25800,1583.7561207907886,green,"Date: 1971-04-01 <br>Home Price: $25,800 <br>GDP: $1,156.27 <br>Inflation-adjusted GDP: $5,473.06","Date: 1971-04-01 <br>GDP: $1,156.27","Date: 1971-04-01 <br>Inflation-adjusted GDP: $5,473.06"
1971-07-01,1177.675,5518.072,25200,1546.9245830979796,green,"Date: 1971-07-01 <br>Home Price: $25,200 <br>GDP: $1,177.68 <br>Inflation-adjusted GDP: $5,518.07","Date: 1971-07-01 <br>GDP: $1,177.68","Date: 1971-07-01 <br>Inflation-adjusted GDP: $5,518.07"
1971-10-01,1190.297,5531.032,25600,1571.4789415598523,green,"Date: 1971-10-01 <br>Home Price: $25,600 <br>GDP: $1,190.30 <br>Inflation-adjusted GDP: $5,531.03","Date: 1971-10-01 <br>GDP: $1,190.30","Date: 1971-10-01 <br>Inflation-adjusted GDP: $5,531.03"
1972-01-01,1230.609,5632.649,24700,1516.2316350206386,green,"Date: 1972-01-01 <br>Home Price: $24,700 <br>GDP: $1,230.61 <br>Inflation-adjusted GDP: $5,632.65","Date: 1972-01-01 <br>GDP: $1,230.61","Date: 1972-01-01 <br>Inflation-adjusted GDP: $5,632.65"
1972-04-01,1266.369,5760.47,26700,1639.003427330002,green,"Date: 1972-04-01 <br>Home Price: $26,700 <br>GDP: $1,266.37 <br>Inflation-adjusted GDP: $5,760.47","Date: 1972-04-01 <br>GDP: $1,266.37","Date: 1972-04-01 <br>Inflation-adjusted GDP: $5,760.47"
1972-07-01,1290.566,5814.854,27700,1700.389323484684,green,"Date: 1972-07-01 <br>Home Price: $27,700 <br>GDP: $1,290.57 <br>Inflation-adjusted GDP: $5,814.85","Date: 1972-07-01 <br>GDP: $1,290.57","Date: 1972-07-01 <br>Inflation-adjusted GDP: $5,814.85"
1972-10-01,1328.904,5912.22,28900,1774.0523988703019,green,"Date: 1972-10-01 <br>Home Price: $28,900 <br>GDP: $1,328.90 <br>Inflation-adjusted GDP: $5,912.22","Date: 1972-10-01 <br>GDP: $1,328.90","Date: 1972-10-01 <br>Inflation-adjusted GDP: $5,912.22"
1973-01-01,1377.49,6058.544,29900,1835.4382950249837,green,"Date: 1973-01-01 <br>Home Price: $29,900 <br>GDP: $1,377.49 <br>Inflation-adjusted GDP: $6,058.54","Date: 1973-01-01 <br>GDP: $1,377.49","Date: 1973-01-01 <br>Inflation-adjusted GDP: $6,058.54"
1973-04-01,1413.887,6124.506,32800,2013.4573938735607,green,"Date: 1973-04-01 <br>Home Price: $32,800 <br>GDP: $1,413.89 <br>Inflation-adjusted GDP: $6,124.51","Date: 1973-04-01 <br>GDP: $1,413.89","Date: 1973-04-01 <br>Inflation-adjusted GDP: $6,124.51"
1973-07-01,1433.838,6092.301,34200,2099.397648490115,green,"Date: 1973-07-01 <br>Home Price: $34,200 <br>GDP: $1,433.84 <br>Inflation-adjusted GDP: $6,092.30","Date: 1973-07-01 <br>GDP: $1,433.84","Date: 1973-07-01 <br>Inflation-adjusted GDP: $6,092.30"
1973-10-01,1476.289,6150.131,33300,2044.1503419509015,green,"Date: 1973-10-01 <br>Home Price: $33,300 <br>GDP: $1,476.29 <br>Inflation-adjusted GDP: $6,150.13","Date: 1973-10-01 <br>GDP: $1,476.29","Date: 1973-10-01 <br>Inflation-adjusted GDP: $6,150.13"
1974-01-01,1491.209,6097.258,34200,2099.397648490115,green,"Date: 1974-01-01 <br>Home Price: $34,200 <br>GDP: $1,491.21 <br>Inflation-adjusted GDP: $6,097.26","Date: 1974-01-01 <br>GDP: $1,491.21","Date: 1974-01-01 <br>Inflation-adjusted GDP: $6,097.26"
1974-04-01,1530.056,6111.751,35700,2191.4764927221377,green,"Date: 1974-04-01 <br>Home Price: $35,700 <br>GDP: $1,530.06 <br>Inflation-adjusted GDP: $6,111.75","Date: 1974-04-01 <br>GDP: $1,530.06","Date: 1974-04-01 <br>Inflation-adjusted GDP: $6,111.75"
1974-07-01,1560.026,6053.978,36800,2259.0009784922877,green,"Date: 1974-07-01 <br>Home Price: $36,800 <br>GDP: $1,560.03 <br>Inflation-adjusted GDP: $6,053.98","Date: 1974-07-01 <br>GDP: $1,560.03","Date: 1974-07-01 <br>Inflation-adjusted GDP: $6,053.98"
1974-10-01,1599.679,6030.464,37200,2283.5553369541603,green,"Date: 1974-10-01 <br>Home Price: $37,200 <br>GDP: $1,599.68 <br>Inflation-adjusted GDP: $6,030.46","Date: 1974-10-01 <br>GDP: $1,599.68","Date: 1974-10-01 <br>Inflation-adjusted GDP: $6,030.46"
1975-01-01,1616.116,5957.035,37200,2283.5553369541603,green,"Date: 1975-01-01 <br>Home Price: $37,200 <br>GDP: $1,616.12 <br>Inflation-adjusted GDP: $5,957.04","Date: 1975-01-01 <br>GDP: $1,616.12","Date: 1975-01-01 <br>Inflation-adjusted GDP: $5,957.04"
1975-04-01,1651.853,5999.61,39200,2406.3271292635236,green,"Date: 1975-04-01 <br>Home Price: $39,200 <br>GDP: $1,651.85 <br>Inflation-adjusted GDP: $5,999.61","Date: 1975-04-01 <br>GDP: $1,651.85","Date: 1975-04-01 <br>Inflation-adjusted GDP: $5,999.61"
1975-07-01,1709.82,6102.326,38600,2369.4955915707146,green,"Date: 1975-07-01 <br>Home Price: $38,600 <br>GDP: $1,709.82 <br>Inflation-adjusted GDP: $6,102.33","Date: 1975-07-01 <br>GDP: $1,709.82","Date: 1975-07-01 <br>Inflation-adjusted GDP: $6,102.33"
1975-10-01,1761.831,6184.53,40700,2498.4059734955463,green,"Date: 1975-10-01 <br>Home Price: $40,700 <br>GDP: $1,761.83 <br>Inflation-adjusted GDP: $6,184.53","Date: 1975-10-01 <br>GDP: $1,761.83","Date: 1975-10-01 <br>Inflation-adjusted GDP: $6,184.53"
1976-01-01,1820.487,6323.649,41600,2553.65328003476,green,"Date: 1976-01-01 <br>Home Price: $41,600 <br>GDP: $1,820.49 <br>Inflation-adjusted GDP: $6,323.65","Date: 1976-01-01 <br>GDP: $1,820.49","Date: 1976-01-01 <br>Inflation-adjusted GDP: $6,323.65"
1976-04-01,1852.332,6370.025,43300,2658.009303497719,green,"Date: 1976-04-01 <br>Home Price: $43,300 <br>GDP: $1,852.33 <br>Inflation-adjusted GDP: $6,370.02","Date: 1976-04-01 <br>GDP: $1,852.33","Date: 1976-04-01 <br>Inflation-adjusted GDP: $6,370.02"
1976-07-01,1886.558,6404.895,44600,2737.810968498805,green,"Date: 1976-07-01 <br>Home Price: $44,600 <br>GDP: $1,886.56 <br>Inflation-adjusted GDP: $6,404.90","Date: 1976-07-01 <br>GDP: $1,886.56","Date: 1976-07-01 <br>Inflation-adjusted GDP: $6,404.90"
1976-10-01,1934.273,6451.177,45300,2780.7810958070822,green,"Date: 1976-10-01 <br>Home Price: $45,300 <br>GDP: $1,934.27 <br>Inflation-adjusted GDP: $6,451.18","Date: 1976-10-01 <br>GDP: $1,934.27","Date: 1976-10-01 <br>Inflation-adjusted GDP: $6,451.18"
1977-01-01,1988.648,6527.703,45500,2793.0582750380186,green,"Date: 1977-01-01 <br>Home Price: $45,500 <br>GDP: $1,988.65 <br>Inflation-adjusted GDP: $6,527.70","Date: 1977-01-01 <br>GDP: $1,988.65","Date: 1977-01-01 <br>Inflation-adjusted GDP: $6,527.70"
1977-04-01,2055.909,6654.466,48700,2989.4931427330002,green,"Date: 1977-04-01 <br>Home Price: $48,700 <br>GDP: $2,055.91 <br>Inflation-adjusted GDP: $6,654.47","Date: 1977-04-01 <br>GDP: $2,055.91","Date: 1977-04-01 <br>Inflation-adjusted GDP: $6,654.47"
1977-07-01,2118.473,6774.457,48600,2983.354553117532,green,"Date: 1977-07-01 <br>Home Price: $48,600 <br>GDP: $2,118.47 <br>Inflation-adjusted GDP: $6,774.46","Date: 1977-07-01 <br>GDP: $2,118.47","Date: 1977-07-01 <br>Inflation-adjusted GDP: $6,774.46"
1977-10-01,2164.27,6774.592,51400,3155.235062350641,green,"Date: 1977-10-01 <br>Home Price: $51,400 <br>GDP: $2,164.27 <br>Inflation-adjusted GDP: $6,774.59","Date: 1977-10-01 <br>GDP: $2,164.27","Date: 1977-10-01 <br>Inflation-adjusted GDP: $6,774.59"
1978-01-01,2202.76,6796.26,52300,3210.4823688898546,green,"Date: 1978-01-01 <br>Home Price: $52,300 <br>GDP: $2,202.76 <br>Inflation-adjusted GDP: $6,796.26","Date: 1978-01-01 <br>GDP: $2,202.76","Date: 1978-01-01 <br>Inflation-adjusted GDP: $6,796.26"
1978-04-01,2331.633,7058.92,53300,3271.868265044536,green,"Date: 1978-04-01 <br>Home Price: $53,300 <br>GDP: $2,331.63 <br>Inflation-adjusted GDP: $7,058.92","Date: 1978-04-01 <br>GDP: $2,331.63","Date: 1978-04-01 <br>Inflation-adjusted GDP: $7,058.92"
1978-07-01,2395.053,7129.915,54800,3363.947109276559,green,"Date: 1978-07-01 <br>Home Price: $54,800 <br>GDP: $2,395.05 <br>Inflation-adjusted GDP: $7,129.92","Date: 1978-07-01 <br>GDP: $2,395.05","Date: 1978-07-01 <br>Inflation-adjusted GDP: $7,129.92"
1978-10-01,2476.949,7225.75,58300,3578.797745817945,green,"Date: 1978-10-01 <br>Home Price: $58,300 <br>GDP: $2,476.95 <br>Inflation-adjusted GDP: $7,225.75","Date: 1978-10-01 <br>GDP: $2,476.95","Date: 1978-10-01 <br>Inflation-adjusted GDP: $7,225.75"
1979-01-01,2526.61,7238.727,60300,3701.569538127308,green,"Date: 1979-01-01 <br>Home Price: $60,300 <br>GDP: $2,526.61 <br>Inflation-adjusted GDP: $7,238.73","Date: 1979-01-01 <br>GDP: $2,526.61","Date: 1979-01-01 <br>Inflation-adjusted GDP: $7,238.73"
1979-04-01,2591.247,7246.454,62600,3842.757099283076,green,"Date: 1979-04-01 <br>Home Price: $62,600 <br>GDP: $2,591.25 <br>Inflation-adjusted GDP: $7,246.45","Date: 1979-04-01 <br>GDP: $2,591.25","Date: 1979-04-01 <br>Inflation-adjusted GDP: $7,246.45"
1979-07-01,2667.565,7300.281,63800,3916.4201746686945,green,"Date: 1979-07-01 <br>Home Price: $63,800 <br>GDP: $2,667.56 <br>Inflation-adjusted GDP: $7,300.28","Date: 1979-07-01 <br>GDP: $2,667.56","Date: 1979-07-01 <br>Inflation-adjusted GDP: $7,300.28"
1979-10-01,2723.883,7318.535,62300,3824.341330436672,green,"Date: 1979-10-01 <br>Home Price: $62,300 <br>GDP: $2,723.88 <br>Inflation-adjusted GDP: $7,318.54","Date: 1979-10-01 <br>GDP: $2,723.88","Date: 1979-10-01 <br>Inflation-adjusted GDP: $7,318.54"
1980-01-01,2789.842,7341.557,62900,3861.172868129481,green,"Date: 1980-01-01 <br>Home Price: $62,900 <br>GDP: $2,789.84 <br>Inflation-adjusted GDP: $7,341.56","Date: 1980-01-01 <br>GDP: $2,789.84","Date: 1980-01-01 <br>Inflation-adjusted GDP: $7,341.56"
1980-04-01,2797.352,7190.289,63100,3873.450047360417,green,"Date: 1980-04-01 <br>Home Price: $63,100 <br>GDP: $2,797.35 <br>Inflation-adjusted GDP: $7,190.29","Date: 1980-04-01 <br>GDP: $2,797.35","Date: 1980-04-01 <br>Inflation-adjusted GDP: $7,190.29"
1980-07-01,2856.483,7181.743,64000,3928.697353899631,green,"Date: 1980-07-01 <br>Home Price: $64,000 <br>GDP: $2,856.48 <br>Inflation-adjusted GDP: $7,181.74","Date: 1980-07-01 <br>GDP: $2,856.48","Date: 1980-07-01 <br>Inflation-adjusted GDP: $7,181.74"
1980-10-01,2985.557,7315.677,65600,4026.9147877471214,green,"Date: 1980-10-01 <br>Home Price: $65,600 <br>GDP: $2,985.56 <br>Inflation-adjusted GDP: $7,315.68","Date: 1980-10-01 <br>GDP: $2,985.56","Date: 1980-10-01 <br>Inflation-adjusted GDP: $7,315.68"
1981-01-01,3124.206,7459.022,67600,4149.686580056485,green,"Date: 1981-01-01 <br>Home Price: $67,600 <br>GDP: $3,124.21 <br>Inflation-adjusted GDP: $7,459.02","Date: 1981-01-01 <br>GDP: $3,124.21","Date: 1981-01-01 <br>Inflation-adjusted GDP: $7,459.02"
1981-04-01,3162.532,7403.745,68700,4217.211065826635,green,"Date: 1981-04-01 <br>Home Price: $68,700 <br>GDP: $3,162.53 <br>Inflation-adjusted GDP: $7,403.74","Date: 1981-04-01 <br>GDP: $3,162.53","Date: 1981-04-01 <br>Inflation-adjusted GDP: $7,403.74"
1981-07-01,3260.609,7492.405,69500,4266.31978275038,green,"Date: 1981-07-01 <br>Home Price: $69,500 <br>GDP: $3,260.61 <br>Inflation-adjusted GDP: $7,492.40","Date: 1981-07-01 <br>GDP: $3,260.61","Date: 1981-07-01 <br>Inflation-adjusted GDP: $7,492.40"
1981-10-01,3280.818,7410.768,69600,4272.458372365848,green,"Date: 1981-10-01 <br>Home Price: $69,600 <br>GDP: $3,280.82 <br>Inflation-adjusted GDP: $7,410.77","Date: 1981-10-01 <br>GDP: $3,280.82","Date: 1981-10-01 <br>Inflation-adjusted GDP: $7,410.77"
1982-01-01,3274.302,7295.631,66200,4063.7463254399304,green,"Date: 1982-01-01 <br>Home Price: $66,200 <br>GDP: $3,274.30 <br>Inflation-adjusted GDP: $7,295.63","Date: 1982-01-01 <br>GDP: $3,274.30","Date: 1982-01-01 <br>Inflation-adjusted GDP: $7,295.63"
1982-04-01,3331.972,7328.912,70200,4309.289910058657,green,"Date: 1982-04-01 <br>Home Price: $70,200 <br>GDP: $3,331.97 <br>Inflation-adjusted GDP: $7,328.91","Date: 1982-04-01 <br>GDP: $3,331.97","Date: 1982-04-01 <br>Inflation-adjusted GDP: $7,328.91"
1982-07-01,3366.322,7300.896,70900,4352.260037366935,green,"Date: 1982-07-01 <br>Home Price: $70,900 <br>GDP: $3,366.32 <br>Inflation-adjusted GDP: $7,300.90","Date: 1982-07-01 <br>GDP: $3,366.32","Date: 1982-07-01 <br>Inflation-adjusted GDP: $7,300.90"
1982-10-01,3402.561,7303.817,69700,4278.596961981317,green,"Date: 1982-10-01 <br>Home Price: $69,700 <br>GDP: $3,402.56 <br>Inflation-adjusted GDP: $7,303.82","Date: 1982-10-01 <br>GDP: $3,402.56","Date: 1982-10-01 <br>Inflation-adjusted GDP: $7,303.82"
1983-01-01,3473.413,7400.066,73500,4511.863367369107,green,"Date: 1983-01-01 <br>Home Price: $73,500 <br>GDP: $3,473.41 <br>Inflation-adjusted GDP: $7,400.07","Date: 1983-01-01 <br>GDP: $3,473.41","Date: 1983-01-01 <br>Inflation-adjusted GDP: $7,400.07"
1983-04-01,3578.848,7568.456,74700,4585.526442754725,green,"Date: 1983-04-01 <br>Home Price: $74,700 <br>GDP: $3,578.85 <br>Inflation-adjusted GDP: $7,568.46","Date: 1983-04-01 <br>GDP: $3,578.85","Date: 1983-04-01 <br>Inflation-adjusted GDP: $7,568.46"
1983-07-01,3689.179,7719.746,75200,4616.219390832066,green,"Date: 1983-07-01 <br>Home Price: $75,200 <br>GDP: $3,689.18 <br>Inflation-adjusted GDP: $7,719.75","Date: 1983-07-01 <br>GDP: $3,689.18","Date: 1983-07-01 <br>Inflation-adjusted GDP: $7,719.75"
1983-10-01,3794.706,7880.794,75900,4659.189518140343,green,"Date: 1983-10-01 <br>Home Price: $75,900 <br>GDP: $3,794.71 <br>Inflation-adjusted GDP: $7,880.79","Date: 1983-10-01 <br>GDP: $3,794.71","Date: 1983-10-01 <br>Inflation-adjusted GDP: $7,880.79"
1984-01-01,3908.054,8034.847,76200,4677.605286986748,green,"Date: 1984-01-01 <br>Home Price: $76,200 <br>GDP: $3,908.05 <br>Inflation-adjusted GDP: $8,034.85","Date: 1984-01-01 <br>GDP: $3,908.05","Date: 1984-01-01 <br>Inflation-adjusted GDP: $8,034.85"
1984-04-01,4009.601,8173.67,79600,4886.317333912665,green,"Date: 1984-04-01 <br>Home Price: $79,600 <br>GDP: $4,009.60 <br>Inflation-adjusted GDP: $8,173.67","Date: 1984-04-01 <br>GDP: $4,009.60","Date: 1984-04-01 <br>Inflation-adjusted GDP: $8,173.67"
1984-07-01,4084.25,8252.465,80700,4953.841819682815,green,"Date: 1984-07-01 <br>Home Price: $80,700 <br>GDP: $4,084.25 <br>Inflation-adjusted GDP: $8,252.46","Date: 1984-07-01 <br>GDP: $4,084.25","Date: 1984-07-01 <br>Inflation-adjusted GDP: $8,252.46"
1984-10-01,4148.551,8320.199,80100,4917.010281990007,green,"Date: 1984-10-01 <br>Home Price: $80,100 <br>GDP: $4,148.55 <br>Inflation-adjusted GDP: $8,320.20","Date: 1984-10-01 <br>GDP: $4,148.55","Date: 1984-10-01 <br>Inflation-adjusted GDP: $8,320.20"
1985-01-01,4230.168,8400.82,82500,5064.336432761243,green,"Date: 1985-01-01 <br>Home Price: $82,500 <br>GDP: $4,230.17 <br>Inflation-adjusted GDP: $8,400.82","Date: 1985-01-01 <br>GDP: $4,230.17","Date: 1985-01-01 <br>Inflation-adjusted GDP: $8,400.82"
1985-04-01,4294.887,8474.787,85600,5254.632710840756,green,"Date: 1985-04-01 <br>Home Price: $85,600 <br>GDP: $4,294.89 <br>Inflation-adjusted GDP: $8,474.79","Date: 1985-04-01 <br>GDP: $4,294.89","Date: 1985-04-01 <br>Inflation-adjusted GDP: $8,474.79"
1985-07-01,4386.773,8604.22,82100,5039.78207429937,green,"Date: 1985-07-01 <br>Home Price: $82,100 <br>GDP: $4,386.77 <br>Inflation-adjusted GDP: $8,604.22","Date: 1985-07-01 <br>GDP: $4,386.77","Date: 1985-07-01 <br>Inflation-adjusted GDP: $8,604.22"
1985-10-01,4444.094,8668.188,85400,5242.35553160982,green,"Date: 1985-10-01 <br>Home Price: $85,400 <br>GDP: $4,444.09 <br>Inflation-adjusted GDP: $8,668.19","Date: 1985-10-01 <br>GDP: $4,444.09","Date: 1985-10-01 <br>Inflation-adjusted GDP: $8,668.19"
1986-01-01,4507.894,8749.127,86600,5316.018606995438,green,"Date: 1986-01-01 <br>Home Price: $86,600 <br>GDP: $4,507.89 <br>Inflation-adjusted GDP: $8,749.13","Date: 1986-01-01 <br>GDP: $4,507.89","Date: 1986-01-01 <br>Inflation-adjusted GDP: $8,749.13"
1986-04-01,4545.34,8788.524,92500,5678.19539430806,green,"Date: 1986-04-01 <br>Home Price: $92,500 <br>GDP: $4,545.34 <br>Inflation-adjusted GDP: $8,788.52","Date: 1986-04-01 <br>GDP: $4,545.34","Date: 1986-04-01 <br>Inflation-adjusted GDP: $8,788.52"
1986-07-01,4607.669,8872.601,94100,5776.41282815555,green,"Date: 1986-07-01 <br>Home Price: $94,100 <br>GDP: $4,607.67 <br>Inflation-adjusted GDP: $8,872.60","Date: 1986-07-01 <br>GDP: $4,607.67","Date: 1986-07-01 <br>Inflation-adjusted GDP: $8,872.60"
1986-10-01,4657.627,8920.193,96400,5917.600389311318,green,"Date: 1986-10-01 <br>Home Price: $96,400 <br>GDP: $4,657.63 <br>Inflation-adjusted GDP: $8,920.19","Date: 1986-10-01 <br>GDP: $4,657.63","Date: 1986-10-01 <br>Inflation-adjusted GDP: $8,920.19"
1987-01-01,4722.156,8986.367,98500,6046.5107712361505,green,"Date: 1987-01-01 <br>Home Price: $98,500 <br>GDP: $4,722.16 <br>Inflation-adjusted GDP: $8,986.37","Date: 1987-01-01 <br>GDP: $4,722.16","Date: 1987-01-01 <br>Inflation-adjusted GDP: $8,986.37"
1987-04-01,4806.16,9083.256,96500,5923.738978926786,green,"Date: 1987-04-01 <br>Home Price: $96,500 <br>GDP: $4,806.16 <br>Inflation-adjusted GDP: $9,083.26","Date: 1987-04-01 <br>GDP: $4,806.16","Date: 1987-04-01 <br>Inflation-adjusted GDP: $9,083.26"
1987-07-01,4884.555,9162.024,105000,6445.519096241582,green,"Date: 1987-07-01 <br>Home Price: $105,000 <br>GDP: $4,884.56 <br>Inflation-adjusted GDP: $9,162.02","Date: 1987-07-01 <br>GDP: $4,884.56","Date: 1987-07-01 <br>Inflation-adjusted GDP: $9,162.02"
1987-10-01,5007.994,9319.332,106500,6537.5979404736045,green,"Date: 1987-10-01 <br>Home Price: $106,500 <br>GDP: $5,007.99 <br>Inflation-adjusted GDP: $9,319.33","Date: 1987-10-01 <br>GDP: $5,007.99","Date: 1987-10-01 <br>Inflation-adjusted GDP: $9,319.33"
1988-01-01,5073.372,9367.502,119000,7304.921642407126,green,"Date: 1988-01-01 <br>Home Price: $119,000 <br>GDP: $5,073.37 <br>Inflation-adjusted GDP: $9,367.50","Date: 1988-01-01 <br>GDP: $5,073.37","Date: 1988-01-01 <br>Inflation-adjusted GDP: $9,367.50"
1988-04-01,5190.036,9490.594,111000,6813.834473169672,green,"Date: 1988-04-01 <br>Home Price: $111,000 <br>GDP: $5,190.04 <br>Inflation-adjusted GDP: $9,490.59","Date: 1988-04-01 <br>GDP: $5,190.04","Date: 1988-04-01 <br>Inflation-adjusted GDP: $9,490.59"
1988-07-01,5282.835,9546.206,118000,7243.5357462524435,green,"Date: 1988-07-01 <br>Home Price: $118,000 <br>GDP: $5,282.84 <br>Inflation-adjusted GDP: $9,546.21","Date: 1988-07-01 <br>GDP: $5,282.84","Date: 1988-07-01 <br>Inflation-adjusted GDP: $9,546.21"
1988-10-01,5399.509,9673.405,112900,6930.467675863567,green,"Date: 1988-10-01 <br>Home Price: $112,900 <br>GDP: $5,399.51 <br>Inflation-adjusted GDP: $9,673.40","Date: 1988-10-01 <br>GDP: $5,399.51","Date: 1988-10-01 <br>Inflation-adjusted GDP: $9,673.40"
1989-01-01,5511.253,9771.725,113000,6936.606265479035,green,"Date: 1989-01-01 <br>Home Price: $113,000 <br>GDP: $5,511.25 <br>Inflation-adjusted GDP: $9,771.72","Date: 1989-01-01 <br>GDP: $5,511.25","Date: 1989-01-01 <br>Inflation-adjusted GDP: $9,771.72"
1989-04-01,5612.463,9846.293,116700,7163.734081251358,green,"Date: 1989-04-01 <br>Home Price: $116,700 <br>GDP: $5,612.46 <br>Inflation-adjusted GDP: $9,846.29","Date: 1989-04-01 <br>GDP: $5,612.46","Date: 1989-04-01 <br>Inflation-adjusted GDP: $9,846.29"
1989-07-01,5695.365,9919.228,116000,7120.76395394308,green,"Date: 1989-07-01 <br>Home Price: $116,000 <br>GDP: $5,695.36 <br>Inflation-adjusted GDP: $9,919.23","Date: 1989-07-01 <br>GDP: $5,695.36","Date: 1989-07-01 <br>Inflation-adjusted GDP: $9,919.23"
1989-10-01,5747.237,9938.767,123000,7550.465227025853,green,"Date: 1989-10-01 <br>Home Price: $123,000 <br>GDP: $5,747.24 <br>Inflation-adjusted GDP: $9,938.77","Date: 1989-10-01 <br>GDP: $5,747.24","Date: 1989-10-01 <br>Inflation-adjusted GDP: $9,938.77"
1990-01-01,5872.701,10047.386,125000,7673.237019335216,green,"Date: 1990-01-01 <br>Home Price: $125,000 <br>GDP: $5,872.70 <br>Inflation-adjusted GDP: $10,047.39","Date: 1990-01-01 <br>GDP: $5,872.70","Date: 1990-01-01 <br>Inflation-adjusted GDP: $10,047.39"
1990-04-01,5960.028,10083.855,130000,7980.166500108625,green,"Date: 1990-04-01 <br>Home Price: $130,000 <br>GDP: $5,960.03 <br>Inflation-adjusted GDP: $10,083.85","Date: 1990-04-01 <br>GDP: $5,960.03","Date: 1990-04-01 <br>Inflation-adjusted GDP: $10,083.85"
1990-07-01,6015.116,10090.569,118700,7286.505873560721,green,"Date: 1990-07-01 <br>Home Price: $118,700 <br>GDP: $6,015.12 <br>Inflation-adjusted GDP: $10,090.57","Date: 1990-07-01 <br>GDP: $6,015.12","Date: 1990-07-01 <br>Inflation-adjusted GDP: $10,090.57"
1990-10-01,6004.733,9998.704,120000,7366.307538561808,green,"Date: 1990-10-01 <br>Home Price: $120,000 <br>GDP: $6,004.73 <br>Inflation-adjusted GDP: $9,998.70","Date: 1990-10-01 <br>GDP: $6,004.73","Date: 1990-10-01 <br>Inflation-adjusted GDP: $9,998.70"
1991-01-01,6035.178,9951.916,117900,7237.3971566369755,green,"Date: 1991-01-01 <br>Home Price: $117,900 <br>GDP: $6,035.18 <br>Inflation-adjusted GDP: $9,951.92","Date: 1991-01-01 <br>GDP: $6,035.18","Date: 1991-01-01 <br>Inflation-adjusted GDP: $9,951.92"
1991-04-01,6126.862,10029.51,121000,7427.693434716489,green,"Date: 1991-04-01 <br>Home Price: $121,000 <br>GDP: $6,126.86 <br>Inflation-adjusted GDP: $10,029.51","Date: 1991-04-01 <br>GDP: $6,126.86","Date: 1991-04-01 <br>Inflation-adjusted GDP: $10,029.51"
1991-07-01,6205.937,10080.195,120000,7366.307538561808,green,"Date: 1991-07-01 <br>Home Price: $120,000 <br>GDP: $6,205.94 <br>Inflation-adjusted GDP: $10,080.20","Date: 1991-07-01 <br>GDP: $6,205.94","Date: 1991-07-01 <br>Inflation-adjusted GDP: $10,080.20"
1991-10-01,6264.54,10115.329,122600,7525.910868563979,green,"Date: 1991-10-01 <br>Home Price: $122,600 <br>GDP: $6,264.54 <br>Inflation-adjusted GDP: $10,115.33","Date: 1991-10-01 <br>GDP: $6,264.54","Date: 1991-10-01 <br>Inflation-adjusted GDP: $10,115.33"
1992-01-01,6363.102,10236.435,120000,7366.307538561808,green,"Date: 1992-01-01 <br>Home Price: $120,000 <br>GDP: $6,363.10 <br>Inflation-adjusted GDP: $10,236.43","Date: 1992-01-01 <br>GDP: $6,363.10","Date: 1992-01-01 <br>Inflation-adjusted GDP: $10,236.43"
1992-04-01,6470.763,10347.429,120000,7366.307538561808,green,"Date: 1992-04-01 <br>Home Price: $120,000 <br>GDP: $6,470.76 <br>Inflation-adjusted GDP: $10,347.43","Date: 1992-04-01 <br>GDP: $6,470.76","Date: 1992-04-01 <br>Inflation-adjusted GDP: $10,347.43"
1992-07-01,6566.641,10449.673,118000,7243.5357462524435,green,"Date: 1992-07-01 <br>Home Price: $118,000 <br>GDP: $6,566.64 <br>Inflation-adjusted GDP: $10,449.67","Date: 1992-07-01 <br>GDP: $6,566.64","Date: 1992-07-01 <br>Inflation-adjusted GDP: $10,449.67"
1992-10-01,6680.803,10558.648,125000,7673.237019335216,green,"Date: 1992-10-01 <br>Home Price: $125,000 <br>GDP: $6,680.80 <br>Inflation-adjusted GDP: $10,558.65","Date: 1992-10-01 <br>GDP: $6,680.80","Date: 1992-10-01 <br>Inflation-adjusted GDP: $10,558.65"
1993-01-01,6729.459,10576.275,118000,7243.5357462524435,green,"Date: 1993-01-01 <br>Home Price: $118,000 <br>GDP: $6,729.46 <br>Inflation-adjusted GDP: $10,576.28","Date: 1993-01-01 <br>GDP: $6,729.46","Date: 1993-01-01 <br>Inflation-adjusted GDP: $10,576.28"
1993-04-01,6808.939,10637.847,127000,7796.0088116445795,green,"Date: 1993-04-01 <br>Home Price: $127,000 <br>GDP: $6,808.94 <br>Inflation-adjusted GDP: $10,637.85","Date: 1993-04-01 <br>GDP: $6,808.94","Date: 1993-04-01 <br>Inflation-adjusted GDP: $10,637.85"
1993-07-01,6882.098,10688.606,123900,7605.712533565066,green,"Date: 1993-07-01 <br>Home Price: $123,900 <br>GDP: $6,882.10 <br>Inflation-adjusted GDP: $10,688.61","Date: 1993-07-01 <br>GDP: $6,882.10","Date: 1993-07-01 <br>Inflation-adjusted GDP: $10,688.61"
1993-10-01,7013.738,10833.987,125000,7673.237019335216,green,"Date: 1993-10-01 <br>Home Price: $125,000 <br>GDP: $7,013.74 <br>Inflation-adjusted GDP: $10,833.99","Date: 1993-10-01 <br>GDP: $7,013.74","Date: 1993-10-01 <br>Inflation-adjusted GDP: $10,833.99"
1994-01-01,7115.652,10939.116,126000,7734.622915489897,green,"Date: 1994-01-01 <br>Home Price: $126,000 <br>GDP: $7,115.65 <br>Inflation-adjusted GDP: $10,939.12","Date: 1994-01-01 <br>GDP: $7,115.65","Date: 1994-01-01 <br>Inflation-adjusted GDP: $10,939.12"
1994-04-01,7246.931,11087.361,129000,7918.780603953943,green,"Date: 1994-04-01 <br>Home Price: $129,000 <br>GDP: $7,246.93 <br>Inflation-adjusted GDP: $11,087.36","Date: 1994-04-01 <br>GDP: $7,246.93","Date: 1994-04-01 <br>Inflation-adjusted GDP: $11,087.36"
1994-07-01,7331.075,11152.176,124400,7636.405481642407,green,"Date: 1994-07-01 <br>Home Price: $124,400 <br>GDP: $7,331.08 <br>Inflation-adjusted GDP: $11,152.18","Date: 1994-07-01 <br>GDP: $7,331.08","Date: 1994-07-01 <br>Inflation-adjusted GDP: $11,152.18"
1994-10-01,7455.288,11279.932,132000,8102.938292417988,green,"Date: 1994-10-01 <br>Home Price: $132,000 <br>GDP: $7,455.29 <br>Inflation-adjusted GDP: $11,279.93","Date: 1994-10-01 <br>GDP: $7,455.29","Date: 1994-10-01 <br>Inflation-adjusted GDP: $11,279.93"
1995-01-01,7522.289,11319.951,127900,7851.256118183793,green,"Date: 1995-01-01 <br>Home Price: $127,900 <br>GDP: $7,522.29 <br>Inflation-adjusted GDP: $11,319.95","Date: 1995-01-01 <br>GDP: $7,522.29","Date: 1995-01-01 <br>Inflation-adjusted GDP: $11,319.95"
1995-04-01,7580.997,11353.721,134000,8225.710084727352,green,"Date: 1995-04-01 <br>Home Price: $134,000 <br>GDP: $7,581.00 <br>Inflation-adjusted GDP: $11,353.72","Date: 1995-04-01 <br>GDP: $7,581.00","Date: 1995-04-01 <br>Inflation-adjusted GDP: $11,353.72"
1995-07-01,7683.125,11450.31,131000,8041.552396263306,green,"Date: 1995-07-01 <br>Home Price: $131,000 <br>GDP: $7,683.12 <br>Inflation-adjusted GDP: $11,450.31","Date: 1995-07-01 <br>GDP: $7,683.12","Date: 1995-07-01 <br>Inflation-adjusted GDP: $11,450.31"
1995-10-01,7772.586,11528.067,135200,8299.37316011297,green,"Date: 1995-10-01 <br>Home Price: $135,200 <br>GDP: $7,772.59 <br>Inflation-adjusted GDP: $11,528.07","Date: 1995-10-01 <br>GDP: $7,772.59","Date: 1995-10-01 <br>Inflation-adjusted GDP: $11,528.07"
1996-01-01,7868.468,11614.418,131900,8096.79970280252,green,"Date: 1996-01-01 <br>Home Price: $131,900 <br>GDP: $7,868.47 <br>Inflation-adjusted GDP: $11,614.42","Date: 1996-01-01 <br>GDP: $7,868.47","Date: 1996-01-01 <br>Inflation-adjusted GDP: $11,614.42"
1996-04-01,8032.84,11808.14,140000,8594.025461655441,green,"Date: 1996-04-01 <br>Home Price: $140,000 <br>GDP: $8,032.84 <br>Inflation-adjusted GDP: $11,808.14","Date: 1996-04-01 <br>GDP: $8,032.84","Date: 1996-04-01 <br>Inflation-adjusted GDP: $11,808.14"
1996-07-01,8131.408,11914.063,144200,8851.846225505105,green,"Date: 1996-07-01 <br>Home Price: $144,200 <br>GDP: $8,131.41 <br>Inflation-adjusted GDP: $11,914.06","Date: 1996-07-01 <br>GDP: $8,131.41","Date: 1996-07-01 <br>Inflation-adjusted GDP: $11,914.06"
1996-10-01,8259.771,12037.775,143800,8827.291867043232,green,"Date: 1996-10-01 <br>Home Price: $143,800 <br>GDP: $8,259.77 <br>Inflation-adjusted GDP: $12,037.78","Date: 1996-10-01 <br>GDP: $8,259.77","Date: 1996-10-01 <br>Inflation-adjusted GDP: $12,037.78"
1997-01-01,8362.655,12115.472,145000,8900.95494242885,green,"Date: 1997-01-01 <br>Home Price: $145,000 <br>GDP: $8,362.66 <br>Inflation-adjusted GDP: $12,115.47","Date: 1997-01-01 <br>GDP: $8,362.66","Date: 1997-01-01 <br>Inflation-adjusted GDP: $12,115.47"
1997-04-01,8518.825,12317.221,150000,9207.884423202258,green,"Date: 1997-04-01 <br>Home Price: $150,000 <br>GDP: $8,518.82 <br>Inflation-adjusted GDP: $12,317.22","Date: 1997-04-01 <br>GDP: $8,518.82","Date: 1997-04-01 <br>Inflation-adjusted GDP: $12,317.22"
1997-07-01,8662.823,12471.01,145900,8956.202248968064,green,"Date: 1997-07-01 <br>Home Price: $145,900 <br>GDP: $8,662.82 <br>Inflation-adjusted GDP: $12,471.01","Date: 1997-07-01 <br>GDP: $8,662.82","Date: 1997-07-01 <br>Inflation-adjusted GDP: $12,471.01"
1997-10-01,8765.907,12577.495,141500,8686.104305887464,blue,"Date: 1997-10-01 <br>Home Price: $141,500 <br>GDP: $8,765.91 <br>Inflation-adjusted GDP: $12,577.50","Date: 1997-10-01 <br>GDP: $8,765.91","Date: 1997-10-01 <br>Inflation-adjusted GDP: $12,577.50"
1998-01-01,8866.48,12703.742,148000,9085.112630892896,green,"Date: 1998-01-01 <br>Home Price: $148,000 <br>GDP: $8,866.48 <br>Inflation-adjusted GDP: $12,703.74","Date: 1998-01-01 <br>GDP: $8,866.48","Date: 1998-01-01 <br>Inflation-adjusted GDP: $12,703.74"
1998-04-01,8969.699,12821.339,148000,9085.112630892896,green,"Date: 1998-04-01 <br>Home Price: $148,000 <br>GDP: $8,969.70 <br>Inflation-adjusted GDP: $12,821.34","Date: 1998-04-01 <br>GDP: $8,969.70","Date: 1998-04-01 <br>Inflation-adjusted GDP: $12,821.34"
1998-07-01,9121.097,12982.752,149900,9201.74583358679,green,"Date: 1998-07-01 <br>Home Price: $149,900 <br>GDP: $9,121.10 <br>Inflation-adjusted GDP: $12,982.75","Date: 1998-07-01 <br>GDP: $9,121.10","Date: 1998-07-01 <br>Inflation-adjusted GDP: $12,982.75"
1998-10-01,9293.991,13191.67,154500,9484.120955898326,green,"Date: 1998-10-01 <br>Home Price: $154,500 <br>GDP: $9,293.99 <br>Inflation-adjusted GDP: $13,191.67","Date: 1998-10-01 <br>GDP: $9,293.99","Date: 1998-10-01 <br>Inflation-adjusted GDP: $13,191.67"
1999-01-01,9411.682,13315.597,153100,9398.180701281772,blue,"Date: 1999-01-01 <br>Home Price: $153,100 <br>GDP: $9,411.68 <br>Inflation-adjusted GDP: $13,315.60","Date: 1999-01-01 <br>GDP: $9,411.68","Date: 1999-01-01 <br>Inflation-adjusted GDP: $13,315.60"
1999-04-01,9526.21,13426.748,159900,9815.604795133608,green,"Date: 1999-04-01 <br>Home Price: $159,900 <br>GDP: $9,526.21 <br>Inflation-adjusted GDP: $13,426.75","Date: 1999-04-01 <br>GDP: $9,526.21","Date: 1999-04-01 <br>Inflation-adjusted GDP: $13,426.75"
1999-07-01,9686.626,13604.771,158200,9711.24877167065,green,"Date: 1999-07-01 <br>Home Price: $158,200 <br>GDP: $9,686.63 <br>Inflation-adjusted GDP: $13,604.77","Date: 1999-07-01 <br>GDP: $9,686.63","Date: 1999-07-01 <br>Inflation-adjusted GDP: $13,604.77"
1999-10-01,9900.169,13827.98,161100,9889.267870519227,blue,"Date: 1999-10-01 <br>Home Price: $161,100 <br>GDP: $9,900.17 <br>Inflation-adjusted GDP: $13,827.98","Date: 1999-10-01 <br>GDP: $9,900.17","Date: 1999-10-01 <br>Inflation-adjusted GDP: $13,827.98"
2000-01-01,10002.179,13878.147,163500,10036.594021290462,green,"Date: 2000-01-01 <br>Home Price: $163,500 <br>GDP: $10,002.18 <br>Inflation-adjusted GDP: $13,878.15","Date: 2000-01-01 <br>GDP: $10,002.18","Date: 2000-01-01 <br>Inflation-adjusted GDP: $13,878.15"
2000-04-01,10247.72,14130.908,162600,9981.34671475125,blue,"Date: 2000-04-01 <br>Home Price: $162,600 <br>GDP: $10,247.72 <br>Inflation-adjusted GDP: $14,130.91","Date: 2000-04-01 <br>GDP: $10,247.72","Date: 2000-04-01 <br>Inflation-adjusted GDP: $14,130.91"
2000-07-01,10318.165,14145.312,169000,10374.216450141212,green,"Date: 2000-07-01 <br>Home Price: $169,000 <br>GDP: $10,318.17 <br>Inflation-adjusted GDP: $14,145.31","Date: 2000-07-01 <br>GDP: $10,318.17","Date: 2000-07-01 <br>Inflation-adjusted GDP: $14,145.31"
2000-10-01,10435.744,14229.765,176300,10822.33349207039,green,"Date: 2000-10-01 <br>Home Price: $176,300 <br>GDP: $10,435.74 <br>Inflation-adjusted GDP: $14,229.76","Date: 2000-10-01 <br>GDP: $10,435.74","Date: 2000-10-01 <br>Inflation-adjusted GDP: $14,229.76"
2001-01-01,10470.231,14183.12,171300,10515.40401129698,green,"Date: 2001-01-01 <br>Home Price: $171,300 <br>GDP: $10,470.23 <br>Inflation-adjusted GDP: $14,183.12","Date: 2001-01-01 <br>GDP: $10,470.23","Date: 2001-01-01 <br>Inflation-adjusted GDP: $14,183.12"
2001-04-01,10599,14271.694,175200,10754.809006300238,green,"Date: 2001-04-01 <br>Home Price: $175,200 <br>GDP: $10,599.00 <br>Inflation-adjusted GDP: $14,271.69","Date: 2001-04-01 <br>GDP: $10,599.00","Date: 2001-04-01 <br>Inflation-adjusted GDP: $14,271.69"
2001-07-01,10598.02,14214.516,175000,10742.531827069302,green,"Date: 2001-07-01 <br>Home Price: $175,000 <br>GDP: $10,598.02 <br>Inflation-adjusted GDP: $14,214.52","Date: 2001-07-01 <br>GDP: $10,598.02","Date: 2001-07-01 <br>Inflation-adjusted GDP: $14,214.52"
2001-10-01,10660.465,14253.574,171300,10515.40401129698,blue,"Date: 2001-10-01 <br>Home Price: $171,300 <br>GDP: $10,660.46 <br>Inflation-adjusted GDP: $14,253.57","Date: 2001-10-01 <br>GDP: $10,660.46","Date: 2001-10-01 <br>Inflation-adjusted GDP: $14,253.57"
2002-01-01,10783.5,14372.785,187100,11485.301170540952,green,"Date: 2002-01-01 <br>Home Price: $187,100 <br>GDP: $10,783.50 <br>Inflation-adjusted GDP: $14,372.78","Date: 2002-01-01 <br>GDP: $10,783.50","Date: 2002-01-01 <br>Inflation-adjusted GDP: $14,372.78"
2002-04-01,10887.46,14460.848,187100,11485.301170540952,green,"Date: 2002-04-01 <br>Home Price: $187,100 <br>GDP: $10,887.46 <br>Inflation-adjusted GDP: $14,460.85","Date: 2002-04-01 <br>GDP: $10,887.46","Date: 2002-04-01 <br>Inflation-adjusted GDP: $14,460.85"
2002-07-01,10984.04,14519.633,175600,10779.363364762112,blue,"Date: 2002-07-01 <br>Home Price: $175,600 <br>GDP: $10,984.04 <br>Inflation-adjusted GDP: $14,519.63","Date: 2002-07-01 <br>GDP: $10,984.04","Date: 2002-07-01 <br>Inflation-adjusted GDP: $14,519.63"
2002-10-01,11061.433,14537.58,189200,11614.211552465784,green,"Date: 2002-10-01 <br>Home Price: $189,200 <br>GDP: $11,061.43 <br>Inflation-adjusted GDP: $14,537.58","Date: 2002-10-01 <br>GDP: $11,061.43","Date: 2002-10-01 <br>Inflation-adjusted GDP: $14,537.58"
2003-01-01,11174.129,14614.141,181700,11153.81733130567,blue,"Date: 2003-01-01 <br>Home Price: $181,700 <br>GDP: $11,174.13 <br>Inflation-adjusted GDP: $14,614.14","Date: 2003-01-01 <br>GDP: $11,174.13","Date: 2003-01-01 <br>Inflation-adjusted GDP: $14,614.14"
2003-04-01,11312.766,14743.567,189500,11632.627321312188,green,"Date: 2003-04-01 <br>Home Price: $189,500 <br>GDP: $11,312.77 <br>Inflation-adjusted GDP: $14,743.57","Date: 2003-04-01 <br>GDP: $11,312.77","Date: 2003-04-01 <br>Inflation-adjusted GDP: $14,743.57"
2003-07-01,11566.669,14988.782,190200,11675.597448620465,green,"Date: 2003-07-01 <br>Home Price: $190,200 <br>GDP: $11,566.67 <br>Inflation-adjusted GDP: $14,988.78","Date: 2003-07-01 <br>GDP: $11,566.67","Date: 2003-07-01 <br>Inflation-adjusted GDP: $14,988.78"
2003-10-01,11772.234,15162.76,194100,11915.002443623724,green,"Date: 2003-10-01 <br>Home Price: $194,100 <br>GDP: $11,772.23 <br>Inflation-adjusted GDP: $15,162.76","Date: 2003-10-01 <br>GDP: $11,772.23","Date: 2003-10-01 <br>Inflation-adjusted GDP: $15,162.76"
2004-01-01,11923.447,15248.68,209500,12860.345244405822,green,"Date: 2004-01-01 <br>Home Price: $209,500 <br>GDP: $11,923.45 <br>Inflation-adjusted GDP: $15,248.68","Date: 2004-01-01 <br>GDP: $11,923.45","Date: 2004-01-01 <br>Inflation-adjusted GDP: $15,248.68"
2004-04-01,12112.815,15366.85,222300,13646.084715185749,green,"Date: 2004-04-01 <br>Home Price: $222,300 <br>GDP: $12,112.82 <br>Inflation-adjusted GDP: $15,366.85","Date: 2004-04-01 <br>GDP: $12,112.82","Date: 2004-04-01 <br>Inflation-adjusted GDP: $15,366.85"
2004-07-01,12305.307,15512.619,212400,13038.3643432544,green,"Date: 2004-07-01 <br>Home Price: $212,400 <br>GDP: $12,305.31 <br>Inflation-adjusted GDP: $15,512.62","Date: 2004-07-01 <br>GDP: $12,305.31","Date: 2004-07-01 <br>Inflation-adjusted GDP: $15,512.62"
2004-10-01,12527.214,15670.88,229200,14069.647398653053,green,"Date: 2004-10-01 <br>Home Price: $229,200 <br>GDP: $12,527.21 <br>Inflation-adjusted GDP: $15,670.88","Date: 2004-10-01 <br>GDP: $12,527.21","Date: 2004-10-01 <br>Inflation-adjusted GDP: $15,670.88"
2005-01-01,12767.286,15844.727,223100,13695.193432109494,green,"Date: 2005-01-01 <br>Home Price: $223,100 <br>GDP: $12,767.29 <br>Inflation-adjusted GDP: $15,844.73","Date: 2005-01-01 <br>GDP: $12,767.29","Date: 2005-01-01 <br>Inflation-adjusted GDP: $15,844.73"
2005-04-01,12922.656,15922.782,236300,14505.487261351293,green,"Date: 2005-04-01 <br>Home Price: $236,300 <br>GDP: $12,922.66 <br>Inflation-adjusted GDP: $15,922.78","Date: 2005-04-01 <br>GDP: $12,922.66","Date: 2005-04-01 <br>Inflation-adjusted GDP: $15,922.78"
2005-07-01,13142.642,16047.587,229200,14069.647398653053,green,"Date: 2005-07-01 <br>Home Price: $229,200 <br>GDP: $13,142.64 <br>Inflation-adjusted GDP: $16,047.59","Date: 2005-07-01 <br>GDP: $13,142.64","Date: 2005-07-01 <br>Inflation-adjusted GDP: $16,047.59"
2005-10-01,13324.204,16136.734,243900,14972.020072126874,green,"Date: 2005-10-01 <br>Home Price: $243,900 <br>GDP: $13,324.20 <br>Inflation-adjusted GDP: $16,136.73","Date: 2005-10-01 <br>GDP: $13,324.20","Date: 2005-10-01 <br>Inflation-adjusted GDP: $16,136.73"
2006-01-01,13599.16,16353.835,244900,15033.405968281555,green,"Date: 2006-01-01 <br>Home Price: $244,900 <br>GDP: $13,599.16 <br>Inflation-adjusted GDP: $16,353.83","Date: 2006-01-01 <br>GDP: $13,599.16","Date: 2006-01-01 <br>Inflation-adjusted GDP: $16,353.83"
2006-04-01,13753.424,16396.151,257000,15776.175311753204,green,"Date: 2006-04-01 <br>Home Price: $257,000 <br>GDP: $13,753.42 <br>Inflation-adjusted GDP: $16,396.15","Date: 2006-04-01 <br>GDP: $13,753.42","Date: 2006-04-01 <br>Inflation-adjusted GDP: $16,396.15"
2006-07-01,13870.188,16420.738,238100,14615.981874429719,green,"Date: 2006-07-01 <br>Home Price: $238,100 <br>GDP: $13,870.19 <br>Inflation-adjusted GDP: $16,420.74","Date: 2006-07-01 <br>GDP: $13,870.19","Date: 2006-07-01 <br>Inflation-adjusted GDP: $16,420.74"
2006-10-01,14039.56,16561.866,250400,15371.028397132304,green,"Date: 2006-10-01 <br>Home Price: $250,400 <br>GDP: $14,039.56 <br>Inflation-adjusted GDP: $16,561.87","Date: 2006-10-01 <br>GDP: $14,039.56","Date: 2006-10-01 <br>Inflation-adjusted GDP: $16,561.87"
2007-01-01,14215.651,16611.69,254400,15616.57198175103,green,"Date: 2007-01-01 <br>Home Price: $254,400 <br>GDP: $14,215.65 <br>Inflation-adjusted GDP: $16,611.69","Date: 2007-01-01 <br>GDP: $14,215.65","Date: 2007-01-01 <br>Inflation-adjusted GDP: $16,611.69"
2007-04-01,14402.082,16713.314,242500,14886.07981751032,green,"Date: 2007-04-01 <br>Home Price: $242,500 <br>GDP: $14,402.08 <br>Inflation-adjusted GDP: $16,713.31","Date: 2007-04-01 <br>GDP: $14,402.08","Date: 2007-04-01 <br>Inflation-adjusted GDP: $16,713.31"
2007-07-01,14564.117,16809.587,246200,15113.207633282642,green,"Date: 2007-07-01 <br>Home Price: $246,200 <br>GDP: $14,564.12 <br>Inflation-adjusted GDP: $16,809.59","Date: 2007-07-01 <br>GDP: $14,564.12","Date: 2007-07-01 <br>Inflation-adjusted GDP: $16,809.59"
2007-10-01,14715.058,16915.191,234300,14382.715469041928,blue,"Date: 2007-10-01 <br>Home Price: $234,300 <br>GDP: $14,715.06 <br>Inflation-adjusted GDP: $16,915.19","Date: 2007-10-01 <br>GDP: $14,715.06","Date: 2007-10-01 <br>Inflation-adjusted GDP: $16,915.19"
2008-01-01,14706.538,16843.003,232400,14266.082266348034,blue,"Date: 2008-01-01 <br>Home Price: $232,400 <br>GDP: $14,706.54 <br>Inflation-adjusted GDP: $16,843.00","Date: 2008-01-01 <br>GDP: $14,706.54","Date: 2008-01-01 <br>Inflation-adjusted GDP: $16,843.00"
2008-04-01,14865.701,16943.291,246400,15125.484812513578,green,"Date: 2008-04-01 <br>Home Price: $246,400 <br>GDP: $14,865.70 <br>Inflation-adjusted GDP: $16,943.29","Date: 2008-04-01 <br>GDP: $14,865.70","Date: 2008-04-01 <br>Inflation-adjusted GDP: $16,943.29"
2008-07-01,14898.999,16854.295,237300,14566.873157505974,blue,"Date: 2008-07-01 <br>Home Price: $237,300 <br>GDP: $14,899.00 <br>Inflation-adjusted GDP: $16,854.29","Date: 2008-07-01 <br>GDP: $14,899.00","Date: 2008-07-01 <br>Inflation-adjusted GDP: $16,854.29"
2008-10-01,14608.209,16485.35,213200,13087.473060178145,blue,"Date: 2008-10-01 <br>Home Price: $213,200 <br>GDP: $14,608.21 <br>Inflation-adjusted GDP: $16,485.35","Date: 2008-10-01 <br>GDP: $14,608.21","Date: 2008-10-01 <br>Inflation-adjusted GDP: $16,485.35"
2009-01-01,14430.902,16298.262,208600,12805.097937866609,blue,"Date: 2009-01-01 <br>Home Price: $208,600 <br>GDP: $14,430.90 <br>Inflation-adjusted GDP: $16,298.26","Date: 2009-01-01 <br>GDP: $14,430.90","Date: 2009-01-01 <br>Inflation-adjusted GDP: $16,298.26"
2009-04-01,14381.236,16269.145,219200,13455.788437106236,blue,"Date: 2009-04-01 <br>Home Price: $219,200 <br>GDP: $14,381.24 <br>Inflation-adjusted GDP: $16,269.14","Date: 2009-04-01 <br>GDP: $14,381.24","Date: 2009-04-01 <br>Inflation-adjusted GDP: $16,269.14"
2009-07-01,14448.882,16326.281,214200,13148.858956332826,blue,"Date: 2009-07-01 <br>Home Price: $214,200 <br>GDP: $14,448.88 <br>Inflation-adjusted GDP: $16,326.28","Date: 2009-07-01 <br>GDP: $14,448.88","Date: 2009-07-01 <br>Inflation-adjusted GDP: $16,326.28"
2009-10-01,14651.249,16502.754,215100,13204.10626287204,blue,"Date: 2009-10-01 <br>Home Price: $215,100 <br>GDP: $14,651.25 <br>Inflation-adjusted GDP: $16,502.75","Date: 2009-10-01 <br>GDP: $14,651.25","Date: 2009-10-01 <br>Inflation-adjusted GDP: $16,502.75"
2010-01-01,14764.61,16582.71,218200,13394.402540951553,blue,"Date: 2010-01-01 <br>Home Price: $218,200 <br>GDP: $14,764.61 <br>Inflation-adjusted GDP: $16,582.71","Date: 2010-01-01 <br>GDP: $14,764.61","Date: 2010-01-01 <br>Inflation-adjusted GDP: $16,582.71"
2010-04-01,14980.193,16743.162,208300,12786.682169020203,blue,"Date: 2010-04-01 <br>Home Price: $208,300 <br>GDP: $14,980.19 <br>Inflation-adjusted GDP: $16,743.16","Date: 2010-04-01 <br>GDP: $14,980.19","Date: 2010-04-01 <br>Inflation-adjusted GDP: $16,743.16"
2010-07-01,15141.607,16872.266,212100,13019.948574407994,blue,"Date: 2010-07-01 <br>Home Price: $212,100 <br>GDP: $15,141.61 <br>Inflation-adjusted GDP: $16,872.27","Date: 2010-07-01 <br>GDP: $15,141.61","Date: 2010-07-01 <br>Inflation-adjusted GDP: $16,872.27"
2010-10-01,15309.474,16960.864,204200,12534.999994786009,blue,"Date: 2010-10-01 <br>Home Price: $204,200 <br>GDP: $15,309.47 <br>Inflation-adjusted GDP: $16,960.86","Date: 2010-10-01 <br>GDP: $15,309.47","Date: 2010-10-01 <br>Inflation-adjusted GDP: $16,960.86"
2011-01-01,15351.448,16920.632,240100,14738.753666739083,blue,"Date: 2011-01-01 <br>Home Price: $240,100 <br>GDP: $15,351.45 <br>Inflation-adjusted GDP: $16,920.63","Date: 2011-01-01 <br>GDP: $15,351.45","Date: 2011-01-01 <br>Inflation-adjusted GDP: $16,920.63"
2011-04-01,15557.539,17035.114,224700,13793.410865956985,blue,"Date: 2011-04-01 <br>Home Price: $224,700 <br>GDP: $15,557.54 <br>Inflation-adjusted GDP: $17,035.11","Date: 2011-04-01 <br>GDP: $15,557.54","Date: 2011-04-01 <br>Inflation-adjusted GDP: $17,035.11"
2011-07-01,15647.68,17031.313,229900,14112.61752596133,blue,"Date: 2011-07-01 <br>Home Price: $229,900 <br>GDP: $15,647.68 <br>Inflation-adjusted GDP: $17,031.31","Date: 2011-07-01 <br>GDP: $15,647.68","Date: 2011-07-01 <br>Inflation-adjusted GDP: $17,031.31"
2011-10-01,15842.259,17222.583,224800,13799.549455572453,blue,"Date: 2011-10-01 <br>Home Price: $224,800 <br>GDP: $15,842.26 <br>Inflation-adjusted GDP: $17,222.58","Date: 2011-10-01 <br>GDP: $15,842.26","Date: 2011-10-01 <br>Inflation-adjusted GDP: $17,222.58"
2012-01-01,16068.805,17367.01,221700,13609.25317749294,blue,"Date: 2012-01-01 <br>Home Price: $221,700 <br>GDP: $16,068.80 <br>Inflation-adjusted GDP: $17,367.01","Date: 2012-01-01 <br>GDP: $16,068.80","Date: 2012-01-01 <br>Inflation-adjusted GDP: $17,367.01"
2012-04-01,16207.115,17444.525,236400,14511.62585096676,blue,"Date: 2012-04-01 <br>Home Price: $236,400 <br>GDP: $16,207.12 <br>Inflation-adjusted GDP: $17,444.52","Date: 2012-04-01 <br>GDP: $16,207.12","Date: 2012-04-01 <br>Inflation-adjusted GDP: $17,444.52"
2012-07-01,16319.541,17469.65,237400,14573.011747121442,blue,"Date: 2012-07-01 <br>Home Price: $237,400 <br>GDP: $16,319.54 <br>Inflation-adjusted GDP: $17,469.65","Date: 2012-07-01 <br>GDP: $16,319.54","Date: 2012-07-01 <br>Inflation-adjusted GDP: $17,469.65"
2012-10-01,16420.419,17489.852,247200,15174.593529437323,blue,"Date: 2012-10-01 <br>Home Price: $247,200 <br>GDP: $16,420.42 <br>Inflation-adjusted GDP: $17,489.85","Date: 2012-10-01 <br>GDP: $16,420.42","Date: 2012-10-01 <br>Inflation-adjusted GDP: $17,489.85"
2013-01-01,16648.189,17662.4,251500,15438.552882902455,blue,"Date: 2013-01-01 <br>Home Price: $251,500 <br>GDP: $16,648.19 <br>Inflation-adjusted GDP: $17,662.40","Date: 2013-01-01 <br>GDP: $16,648.19","Date: 2013-01-01 <br>Inflation-adjusted GDP: $17,662.40"
2013-04-01,16728.687,17709.671,279300,17145.080796002607,green,"Date: 2013-04-01 <br>Home Price: $279,300 <br>GDP: $16,728.69 <br>Inflation-adjusted GDP: $17,709.67","Date: 2013-04-01 <br>GDP: $16,728.69","Date: 2013-04-01 <br>Inflation-adjusted GDP: $17,709.67"
2013-07-01,16953.838,17860.45,262200,16095.38197175755,blue,"Date: 2013-07-01 <br>Home Price: $262,200 <br>GDP: $16,953.84 <br>Inflation-adjusted GDP: $17,860.45","Date: 2013-07-01 <br>GDP: $16,953.84","Date: 2013-07-01 <br>Inflation-adjusted GDP: $17,860.45"
2013-10-01,17192.019,18016.147,264300,16224.29235368238,blue,"Date: 2013-10-01 <br>Home Price: $264,300 <br>GDP: $17,192.02 <br>Inflation-adjusted GDP: $18,016.15","Date: 2013-10-01 <br>GDP: $17,192.02","Date: 2013-10-01 <br>Inflation-adjusted GDP: $18,016.15"
2014-01-01,17197.738,17953.974,269800,16561.91478253313,blue,"Date: 2014-01-01 <br>Home Price: $269,800 <br>GDP: $17,197.74 <br>Inflation-adjusted GDP: $17,953.97","Date: 2014-01-01 <br>GDP: $17,197.74","Date: 2014-01-01 <br>Inflation-adjusted GDP: $17,953.97"
2014-04-01,17518.508,18185.911,274500,16850.428494460135,blue,"Date: 2014-04-01 <br>Home Price: $274,500 <br>GDP: $17,518.51 <br>Inflation-adjusted GDP: $18,185.91","Date: 2014-04-01 <br>GDP: $17,518.51","Date: 2014-04-01 <br>Inflation-adjusted GDP: $18,185.91"
2014-07-01,17804.228,18406.941,280400,17212.605281772758,blue,"Date: 2014-07-01 <br>Home Price: $280,400 <br>GDP: $17,804.23 <br>Inflation-adjusted GDP: $18,406.94","Date: 2014-07-01 <br>GDP: $17,804.23","Date: 2014-07-01 <br>Inflation-adjusted GDP: $18,406.94"
2014-10-01,17912.079,18500.031,297000,18231.61115794047,green,"Date: 2014-10-01 <br>Home Price: $297,000 <br>GDP: $17,912.08 <br>Inflation-adjusted GDP: $18,500.03","Date: 2014-10-01 <br>GDP: $17,912.08","Date: 2014-10-01 <br>Inflation-adjusted GDP: $18,500.03"
2015-01-01,18063.529,18666.621,292000,17924.681677167064,blue,"Date: 2015-01-01 <br>Home Price: $292,000 <br>GDP: $18,063.53 <br>Inflation-adjusted GDP: $18,666.62","Date: 2015-01-01 <br>GDP: $18,063.53","Date: 2015-01-01 <br>Inflation-adjusted GDP: $18,666.62"
2015-04-01,18279.784,18782.243,294500,18078.14641755377,blue,"Date: 2015-04-01 <br>Home Price: $294,500 <br>GDP: $18,279.78 <br>Inflation-adjusted GDP: $18,782.24","Date: 2015-04-01 <br>GDP: $18,279.78","Date: 2015-04-01 <br>Inflation-adjusted GDP: $18,782.24"
2015-07-01,18401.626,18857.418,292300,17943.097446013468,blue,"Date: 2015-07-01 <br>Home Price: $292,300 <br>GDP: $18,401.63 <br>Inflation-adjusted GDP: $18,857.42","Date: 2015-07-01 <br>GDP: $18,401.63","Date: 2015-07-01 <br>Inflation-adjusted GDP: $18,857.42"
2015-10-01,18435.137,18892.206,298000,18292.997054095154,blue,"Date: 2015-10-01 <br>Home Price: $298,000 <br>GDP: $18,435.14 <br>Inflation-adjusted GDP: $18,892.21","Date: 2015-10-01 <br>GDP: $18,435.14","Date: 2015-10-01 <br>Inflation-adjusted GDP: $18,892.21"
2016-01-01,18525.933,19001.69,288400,17703.69245101021,blue,"Date: 2016-01-01 <br>Home Price: $288,400 <br>GDP: $18,525.93 <br>Inflation-adjusted GDP: $19,001.69","Date: 2016-01-01 <br>GDP: $18,525.93","Date: 2016-01-01 <br>Inflation-adjusted GDP: $19,001.69"
2016-04-01,18711.702,19062.709,318300,19539.130746035193,red,"Date: 2016-04-01 <br>Home Price: $318,300 <br>GDP: $18,711.70 <br>Inflation-adjusted GDP: $19,062.71","Date: 2016-04-01 <br>GDP: $18,711.70","Date: 2016-04-01 <br>Inflation-adjusted GDP: $19,062.71"
2016-07-01,18892.639,19197.938,297400,18256.165516402347,blue,"Date: 2016-07-01 <br>Home Price: $297,400 <br>GDP: $18,892.64 <br>Inflation-adjusted GDP: $19,197.94","Date: 2016-07-01 <br>GDP: $18,892.64","Date: 2016-07-01 <br>Inflation-adjusted GDP: $19,197.94"
2016-10-01,19089.379,19304.352,302800,18587.649355637626,blue,"Date: 2016-10-01 <br>Home Price: $302,800 <br>GDP: $19,089.38 <br>Inflation-adjusted GDP: $19,304.35","Date: 2016-10-01 <br>GDP: $19,089.38","Date: 2016-10-01 <br>Inflation-adjusted GDP: $19,304.35"
2017-01-01,19280.084,19398.343,315200,19348.83446795568,green,"Date: 2017-01-01 <br>Home Price: $315,200 <br>GDP: $19,280.08 <br>Inflation-adjusted GDP: $19,398.34","Date: 2017-01-01 <br>GDP: $19,280.08","Date: 2017-01-01 <br>Inflation-adjusted GDP: $19,398.34"
2017-04-01,19438.643,19506.949,311100,19097.152293721487,blue,"Date: 2017-04-01 <br>Home Price: $311,100 <br>GDP: $19,438.64 <br>Inflation-adjusted GDP: $19,506.95","Date: 2017-04-01 <br>GDP: $19,438.64","Date: 2017-04-01 <br>Inflation-adjusted GDP: $19,506.95"
2017-07-01,19692.595,19660.766,322900,19821.50586834673,red,"Date: 2017-07-01 <br>Home Price: $322,900 <br>GDP: $19,692.60 <br>Inflation-adjusted GDP: $19,660.77","Date: 2017-07-01 <br>GDP: $19,692.60","Date: 2017-07-01 <br>Inflation-adjusted GDP: $19,660.77"
2017-10-01,20037.088,19882.352,319500,19612.79382142081,blue,"Date: 2017-10-01 <br>Home Price: $319,500 <br>GDP: $20,037.09 <br>Inflation-adjusted GDP: $19,882.35","Date: 2017-10-01 <br>GDP: $20,037.09","Date: 2017-10-01 <br>Inflation-adjusted GDP: $19,882.35"
2018-01-01,20328.553,20044.077,329600,20232.7913725831,orange,"Date: 2018-01-01 <br>Home Price: $329,600 <br>GDP: $20,328.55 <br>Inflation-adjusted GDP: $20,044.08","Date: 2018-01-01 <br>GDP: $20,328.55","Date: 2018-01-01 <br>Inflation-adjusted GDP: $20,044.08"
2018-04-01,20580.912,20150.476,314400,19299.725751031936,blue,"Date: 2018-04-01 <br>Home Price: $314,400 <br>GDP: $20,580.91 <br>Inflation-adjusted GDP: $20,150.48","Date: 2018-04-01 <br>GDP: $20,580.91","Date: 2018-04-01 <br>Inflation-adjusted GDP: $20,150.48"
2018-07-01,20798.73,20276.154,327500,20103.880990658265,blue,"Date: 2018-07-01 <br>Home Price: $327,500 <br>GDP: $20,798.73 <br>Inflation-adjusted GDP: $20,276.15","Date: 2018-07-01 <br>GDP: $20,798.73","Date: 2018-07-01 <br>Inflation-adjusted GDP: $20,276.15"
2018-10-01,20917.867,20304.874,328300,20152.98970758201,blue,"Date: 2018-10-01 <br>Home Price: $328,300 <br>GDP: $20,917.87 <br>Inflation-adjusted GDP: $20,304.87","Date: 2018-10-01 <br>GDP: $20,917.87","Date: 2018-10-01 <br>Inflation-adjusted GDP: $20,304.87"
2019-01-01,21104.133,20415.15,305400,18747.2526856398,blue,"Date: 2019-01-01 <br>Home Price: $305,400 <br>GDP: $21,104.13 <br>Inflation-adjusted GDP: $20,415.15","Date: 2019-01-01 <br>GDP: $21,104.13","Date: 2019-01-01 <br>Inflation-adjusted GDP: $20,415.15"
2019-04-01,21384.775,20584.528,339000,20809.818796437106,orange,"Date: 2019-04-01 <br>Home Price: $339,000 <br>GDP: $21,384.78 <br>Inflation-adjusted GDP: $20,584.53","Date: 2019-04-01 <br>GDP: $21,384.78","Date: 2019-04-01 <br>Inflation-adjusted GDP: $20,584.53"
2019-07-01,21694.282,20817.581,308300,18925.271784488377,blue,"Date: 2019-07-01 <br>Home Price: $308,300 <br>GDP: $21,694.28 <br>Inflation-adjusted GDP: $20,817.58","Date: 2019-07-01 <br>GDP: $21,694.28","Date: 2019-07-01 <br>Inflation-adjusted GDP: $20,817.58"
2019-10-01,21902.39,20951.088,322400,19790.81292026939,blue,"Date: 2019-10-01 <br>Home Price: $322,400 <br>GDP: $21,902.39 <br>Inflation-adjusted GDP: $20,951.09","Date: 2019-10-01 <br>GDP: $21,902.39","Date: 2019-10-01 <br>Inflation-adjusted GDP: $20,951.09"
2020-01-01,21706.513,20665.553,328900,20189.82124527482,blue,"Date: 2020-01-01 <br>Home Price: $328,900 <br>GDP: $21,706.51 <br>Inflation-adjusted GDP: $20,665.55","Date: 2020-01-01 <br>GDP: $21,706.51","Date: 2020-01-01 <br>Inflation-adjusted GDP: $20,665.55"
2020-04-01,19913.143,19034.83,309500,18998.934859873996,blue,"Date: 2020-04-01 <br>Home Price: $309,500 <br>GDP: $19,913.14 <br>Inflation-adjusted GDP: $19,034.83","Date: 2020-04-01 <br>GDP: $19,913.14","Date: 2020-04-01 <br>Inflation-adjusted GDP: $19,034.83"
2020-07-01,21647.64,20511.785,320400,19668.041127960027,blue,"Date: 2020-07-01 <br>Home Price: $320,400 <br>GDP: $21,647.64 <br>Inflation-adjusted GDP: $20,511.78","Date: 2020-07-01 <br>GDP: $21,647.64","Date: 2020-07-01 <br>Inflation-adjusted GDP: $20,511.78"
2020-10-01,22024.502,20724.128,335000,20564.275211818378,blue,"Date: 2020-10-01 <br>Home Price: $335,000 <br>GDP: $22,024.50 <br>Inflation-adjusted GDP: $20,724.13","Date: 2020-10-01 <br>GDP: $22,024.50","Date: 2020-10-01 <br>Inflation-adjusted GDP: $20,724.13"
2021-01-01,22600.185,20990.541,354800,21779.715955681077,orange,"Date: 2021-01-01 <br>Home Price: $354,800 <br>GDP: $22,600.18 <br>Inflation-adjusted GDP: $20,990.54","Date: 2021-01-01 <br>GDP: $22,600.18","Date: 2021-01-01 <br>Inflation-adjusted GDP: $20,990.54"
2021-04-01,23292.362,21309.544,364400,22369.02055876602,orange,"Date: 2021-04-01 <br>Home Price: $364,400 <br>GDP: $23,292.36 <br>Inflation-adjusted GDP: $21,309.54","Date: 2021-04-01 <br>GDP: $23,292.36","Date: 2021-04-01 <br>Inflation-adjusted GDP: $21,309.54"
2021-07-01,23828.973,21483.083,385000,23633.570019552466,orange,"Date: 2021-07-01 <br>Home Price: $385,000 <br>GDP: $23,828.97 <br>Inflation-adjusted GDP: $21,483.08","Date: 2021-07-01 <br>GDP: $23,828.97","Date: 2021-07-01 <br>Inflation-adjusted GDP: $21,483.08"
2021-10-01,24654.603,21847.602,416800,25585.641517271346,red,"Date: 2021-10-01 <br>Home Price: $416,800 <br>GDP: $24,654.60 <br>Inflation-adjusted GDP: $21,847.60","Date: 2021-10-01 <br>GDP: $24,654.60","Date: 2021-10-01 <br>Inflation-adjusted GDP: $21,847.60"
2022-01-01,25029.116,21738.871,413600,25389.20664957636,red,"Date: 2022-01-01 <br>Home Price: $413,600 <br>GDP: $25,029.12 <br>Inflation-adjusted GDP: $21,738.87","Date: 2022-01-01 <br>GDP: $25,029.12","Date: 2022-01-01 <br>Inflation-adjusted GDP: $21,738.87"
2022-04-01,25544.273,21708.16,439500,26979.10135998262,red,"Date: 2022-04-01 <br>Home Price: $439,500 <br>GDP: $25,544.27 <br>Inflation-adjusted GDP: $21,708.16","Date: 2022-04-01 <br>GDP: $25,544.27","Date: 2022-04-01 <br>Inflation-adjusted GDP: $21,708.16"
2022-07-01,25994.639,21851.134,442900,27187.81340690854,red,"Date: 2022-07-01 <br>Home Price: $442,900 <br>GDP: $25,994.64 <br>Inflation-adjusted GDP: $21,851.13","Date: 2022-07-01 <br>GDP: $25,994.64","Date: 2022-07-01 <br>Inflation-adjusted GDP: $21,851.13"
2022-10-01,26408.405,21989.981,460300,28255.928,red,"Date: 2022-10-01 <br>Home Price: $460,300 <br>GDP: $26,408.40 <br>Inflation-adjusted GDP: $21,989.98","Date: 2022-10-01 <br>GDP: $26,408.40","Date: 2022-10-01 <br>Inflation-adjusted GDP: $21,989.98"
2023-01-01,26813.601,22112.329,408200,25057.72281034108,orange,"Date: 2023-01-01 <br>Home Price: $408,200 <br>GDP: $26,813.60 <br>Inflation-adjusted GDP: $22,112.33","Date: 2023-01-01 <br>GDP: $26,813.60","Date: 2023-01-01 <br>Inflation-adjusted GDP: $22,112.33"
2023-04-01,27063.012,22225.35,417200,25610.195875733218,orange,"Date: 2023-04-01 <br>Home Price: $417,200 <br>GDP: $27,063.01 <br>Inflation-adjusted GDP: $22,225.35","Date: 2023-04-01 <br>GDP: $27,063.01","Date: 2023-04-01 <br>Inflation-adjusted GDP: $22,225.35"
2023-07-01,27610.128,22490.692,435800,26751.973544210297,orange,"Date: 2023-07-01 <br>Home Price: $435,800 <br>GDP: $27,610.13 <br>Inflation-adjusted GDP: $22,490.69","Date: 2023-07-01 <br>GDP: $27,610.13","Date: 2023-07-01 <br>Inflation-adjusted GDP: $22,490.69"
2023-10-01,27956.998,22679.255,417500,25628.61164457962,orange,"Date: 2023-10-01 <br>Home Price: $417,500 <br>GDP: $27,957.00 <br>Inflation-adjusted GDP: $22,679.26","Date: 2023-10-01 <br>GDP: $27,957.00","Date: 2023-10-01 <br>Inflation-adjusted GDP: $22,679.26"
2024-01-01,28255.928,22749.846,430400,26420.489704975014,orange,"Date: 2024-01-01 <br>Home Price: $430,400 <br>GDP: $28,255.93 <br>Inflation-adjusted GDP: $22,749.85","Date: 2024-01-01 <br>GDP: $28,255.93","Date: 2024-01-01 <br>Inflation-adjusted GDP: $22,749.85"
